INSERT INTO `sys_user` (`id`, `created_date`, `last_modified_date`, `del_flag`, `last_login_time`, `login_ip`, `password`, `username`, `created_by_id`, `last_modified_by_id`) VALUES (1,NULL,NULL,NULL,NULL,NULL,'8c6976e5b5410415bde908bd4dee15dfb167a9c873fc4bb8a81f6f2ab448a918','admin',NULL,NULL),(2,'2016-12-20 10:49:23','2016-12-20 10:55:49','0',NULL,NULL,'8d969eef6ecad3c29a3a629280e686cf0c3f5d5a86aff3ca12020c923adc6c92','halo',NULL,NULL),(5,'2016-12-28 15:56:07','2016-12-28 15:56:07','0',NULL,NULL,'8d969eef6ecad3c29a3a629280e686cf0c3f5d5a86aff3ca12020c923adc6c92','zhangsan',1,1);
INSERT INTO `sys_member` (`id`, `created_date`, `last_modified_date`, `del_flag`, `birthday`, `head_url`, `name`, `sex`, `created_by_id`, `last_modified_by_id`) VALUES (1,'2016-12-19 16:49:39','2016-12-19 16:49:39','0','2014-11-02 00:00:00',NULL,'张三',1,NULL,NULL),(2,'2016-12-20 10:49:23','2016-12-20 10:49:23','0','1990-12-29 00:00:00',NULL,'李四',1,NULL,NULL),(5,'2016-12-28 15:56:07','2016-12-28 15:56:07','0','2014-11-11 00:00:00',NULL,'zhangsan',1,1,1);
INSERT INTO `sys_admin` (`id`, `created_date`, `last_modified_date`, `del_flag`, `locked`, `login_count`, `login_time`, `created_by_id`, `last_modified_by_id`, `member_id`, `user_id`) VALUES (1, NULL, '2016-12-28 16:29:32', '0', '0', NULL, '2016-12-28 16:29:32', NULL, NULL, 1, 1), (2, '2016-12-20 10:49:23', '2016-12-28 15:40:18', '0', '0', NULL, '2016-12-28 15:40:18', NULL, NULL, 2, 2), (5, '2016-12-28 15:56:07', '2016-12-28 15:56:24', '0', '0', NULL, '2016-12-28 15:56:24', NULL, NULL, 5, 5);
INSERT INTO `sys_function` (`id`, `created_date`, `last_modified_date`, `del_flag`, `is_active`, `description`, `funcs`, `level`, `name`,`type`, `url`, `parent_id`, `shiro_permission`, `created_by_id`, `last_modified_by_id`) VALUES (1,'2016-12-08 10:53:29','2016-12-13 10:54:46','0','',NULL,NULL,1,'系统设置',1,NULL,NULL,'sys:setting',NULL,NULL), (41,'2016-12-09 18:25:39','2016-12-13 10:55:08','0','',NULL,NULL,1,'组织管理',2,NULL,1,'setting:org',NULL,NULL), (47,'2016-12-09 18:45:37','2016-12-13 11:28:32','0','',NULL,NULL,1,'用户管理',3,'/admin/index.htm',41,'org:admin',NULL,NULL), (49,'2016-12-09 18:46:15','2016-12-15 11:12:29','0','',NULL,NULL,3,'角色管理',3,'/role/index.htm',41,'org:role',NULL,NULL), (50,'2016-12-10 11:02:34','2016-12-13 10:56:25','0','',NULL,NULL,4,'菜单管理',3,'/function/index.htm',41,'org:function',NULL,NULL);
INSERT INTO `sys_role` (`id`, `created_date`, `last_modified_date`, `del_flag`, `description`, `name`, `created_by_id`, `last_modified_by_id`) VALUES (2,'2016-12-20 11:20:21','2016-12-28 11:40:35','0',NULL,'管理员',NULL,2),(3,'2016-12-27 16:13:53','2016-12-27 16:13:59','0',NULL,'普通用户',2,2);
INSERT INTO `sys_admin_role` (`admin_id`, `role_id`) VALUES (1,2),(2,3),(5,3);
INSERT INTO `sys_role_function` (`role_id`, `function_id`) VALUES (2,1),(2,41),(2,47),(2,49),(2,50);
